customer_id,name,email,country,segment,signup_date
1,Customer_1,customer_1@example.com,USA,Startup,2024-02-06
2,Customer_2,customer_2@example.com,Germany,Startup,2024-05-20
3,Customer_3,customer_3@example.com,Brazil,SMB,2025-01-06
4,Customer_4,customer_4@example.com,Canada,Individual,2024-08-25
5,Customer_5,customer_5@example.com,Mexico,Startup,2024-10-22
6,Customer_6,,Mexico,SMB,2024-07-12
7,Customer_7,customer_7@example.com,Mexico,Individual,2024-07-31
8,Customer_8,customer_8@example.com,Spain,Individual,2024-12-06
9,Customer_9,customer_9@example.com,Canada,Individual,2024-02-21
10,Customer_10,customer_10@example.com,Brazil,Startup,2024-04-30
11,Customer_11,customer_11@example.com,Mexico,Startup,2024-02-15
12,Customer_12,customer_12@example.com,Germany,SMB,2026-03-02
13,Customer_13,customer_13@example.com,Colombia,Individual,2025-06-03
14,Customer_14,customer_14@example.com,Mexico,Individual,2024-01-08
15,Customer_15,customer_15@example.com,Mexico,Enterprise,2024-08-08
16,Customer_16,customer_16@example.com,Mexico,Enterprise,2025-04-11
17,Customer_17,customer_17@example.com,USA,SMB,2024-02-05
18,Customer_18,,USA,Individual,2024-05-31
19,Customer_19,customer_19@example.com,USA,Individual,2025-03-20
20,Customer_20,customer_20@example.com,Mexico,SMB,2024-01-07
21,Customer_21,customer_21@example.com,Canada,Startup,2024-08-03
22,Customer_22,customer_22@example.com,Mexico,SMB,2024-03-04
23,Customer_23,,Mexico,Individual,2025-04-09
24,Customer_24,customer_24@example.com,USA,Individual,2025-09-29
25,Customer_25,customer_25@example.com,USA,Individual,2025-06-03
26,Customer_26,customer_26@example.com,Colombia,SMB,2024-04-25
27,Customer_27,customer_27@example.com,Mexico,SMB,2024-12-22
28,Customer_28,customer_28@example.com,USA,SMB,2024-12-01
29,Customer_29,customer_29@example.com,Canada,Enterprise,2024-03-10
30,Customer_30,customer_30@example.com,Mexico,Individual,2024-11-13
31,Customer_31,customer_31@example.com,Canada,Individual,2024-01-07
32,Customer_32,customer_32@example.com,Mexico,Individual,2024-06-12
33,Customer_33,customer_33@example.com,Mexico,Individual,2024-02-17
34,Customer_34,customer_34@example.com,Germany,Startup,2024-01-24
35,Customer_35,customer_35@example.com,Germany,Startup,2024-01-15
36,Customer_36,customer_36@example.com,Colombia,Individual,2024-08-02
37,Customer_37,customer_37@example.com,USA,Individual,2024-03-15
38,Customer_38,customer_38@example.com,Mexico,SMB,2024-08-20
39,Customer_39,customer_39@example.com,Brazil,SMB,2024-01-13
40,Customer_40,customer_40@example.com,USA,Enterprise,2024-03-09
41,Customer_41,customer_41@example.com,Mexico,Individual,2024-05-19
42,Customer_42,customer_42@example.com,USA,Startup,2024-10-08
43,Customer_43,customer_43@example.com,Mexico,SMB,2024-03-10
44,Customer_44,customer_44@example.com,Spain,Startup,2024-06-25
45,Customer_45,customer_45@example.com,Mexico,,2025-01-25
46,Customer_46,customer_46@example.com,Brazil,SMB,2024-06-21
47,Customer_47,customer_47@example.com,USA,Enterprise,2024-02-17
48,Customer_48,customer_48@example.com,USA,Startup,2024-01-05
49,Customer_49,customer_49@example.com,USA,Startup,2025-01-02
50,Customer_50,customer_50@example.com,Mexico,Startup,2024-01-04
51,Customer_51,customer_51@example.com,Germany,Startup,2025-01-08
52,Customer_52,customer_52@example.com,Colombia,Individual,2024-05-15
53,Customer_53,customer_53@example.com,Germany,,2025-05-18
54,Customer_54,customer_54@example.com,Spain,Startup,2024-10-15
55,Customer_55,customer_55@example.com,Canada,Individual,2027-01-17
56,Customer_56,customer_56@example.com,Spain,SMB,2024-03-18
57,Customer_57,customer_57@example.com,Mexico,Enterprise,2024-09-19
58,Customer_58,customer_58@example.com,Mexico,Enterprise,2024-04-02
59,Customer_59,customer_59@example.com,Mexico,Startup,2024-04-27
60,Customer_60,customer_60@example.com,USA,Startup,2024-06-26
61,Customer_61,,USA,Startup,2025-01-07
62,Customer_62,customer_62@example.com,Mexico,SMB,2026-01-15
63,Customer_63,customer_63@example.com,Colombia,Enterprise,2024-09-20
64,Customer_64,customer_64@example.com,USA,Enterprise,2024-04-07
65,Customer_65,customer_65@example.com,Mexico,SMB,2024-04-08
66,Customer_66,customer_66@example.com,USA,Startup,2024-08-28
67,Customer_67,customer_67@example.com,Mexico,SMB,2024-02-19
68,Customer_68,customer_68@example.com,Colombia,SMB,2024-01-22
69,Customer_69,customer_69@example.com,Mexico,Individual,2024-03-19
70,Customer_70,customer_70@example.com,Germany,SMB,2024-03-01
71,Customer_71,customer_71@example.com,Colombia,Startup,2024-03-04
72,Customer_72,customer_72@example.com,Mexico,Startup,2024-02-17
73,Customer_73,customer_73@example.com,Mexico,SMB,2024-01-08
74,Customer_74,customer_74@example.com,Colombia,Startup,2024-01-04
75,Customer_75,customer_75@example.com,Brazil,Individual,2026-03-02
76,Customer_76,customer_76@example.com,Brazil,Individual,2024-04-10
77,Customer_77,customer_77@example.com,Colombia,Enterprise,2024-03-28
78,Customer_78,customer_78@example.com,Mexico,Individual,2024-07-23
79,Customer_79,customer_79@example.com,USA,SMB,2024-02-14
80,Customer_80,customer_80@example.com,Mexico,SMB,2025-06-23
81,Customer_81,customer_81@example.com,Spain,SMB,2024-10-04
82,Customer_82,customer_82@example.com,Canada,Individual,2024-01-17
83,Customer_83,customer_83@example.com,USA,SMB,2024-04-07
84,Customer_84,customer_84@example.com,Mexico,SMB,2025-01-15
85,Customer_85,customer_85@example.com,USA,Startup,2025-06-05
86,Customer_86,customer_86@example.com,USA,SMB,2024-04-23
87,Customer_87,customer_87@example.com,Brazil,Enterprise,2024-06-20
88,Customer_88,customer_88@example.com,Canada,Enterprise,2024-02-02
89,Customer_89,customer_89@example.com,Spain,Enterprise,2026-05-01
90,Customer_90,customer_90@example.com,USA,SMB,2024-02-17
91,Customer_91,customer_91@example.com,Mexico,,2025-05-29
92,Customer_92,customer_92@example.com,Brazil,Startup,2024-07-07
93,Customer_93,customer_93@example.com,Colombia,SMB,2024-06-17
94,Customer_94,,Canada,SMB,2024-05-09
95,Customer_95,customer_95@example.com,Colombia,Individual,2024-02-17
96,Customer_96,customer_96@example.com,USA,SMB,2024-02-04
97,Customer_97,customer_97@example.com,USA,Startup,2024-02-14
98,Customer_98,customer_98@example.com,USA,SMB,2024-02-07
99,Customer_99,customer_99@example.com,Mexico,SMB,2024-09-29
100,Customer_100,customer_100@example.com,Mexico,Enterprise,2024-03-18
101,Customer_101,customer_101@example.com,Mexico,SMB,2024-01-11
102,Customer_102,customer_102@example.com,Canada,SMB,2025-09-17
103,Customer_103,customer_103@example.com,USA,SMB,2025-01-22
104,Customer_104,customer_104@example.com,USA,Enterprise,2025-04-17
105,Customer_105,customer_105@example.com,Spain,Enterprise,2026-08-08
106,Customer_106,customer_106@example.com,Mexico,SMB,2024-02-04
107,Customer_107,customer_107@example.com,USA,SMB,2024-03-31
108,Customer_108,customer_108@example.com,Colombia,SMB,2024-09-12
109,Customer_109,customer_109@example.com,Mexico,Startup,2024-08-02
110,Customer_110,customer_110@example.com,Mexico,Startup,2024-01-31
111,Customer_111,customer_111@example.com,Mexico,Enterprise,2024-10-31
112,Customer_112,customer_112@example.com,Mexico,Startup,2024-02-15
113,Customer_113,customer_113@example.com,Spain,Startup,2024-02-15
114,Customer_114,customer_114@example.com,Colombia,Enterprise,2024-05-18
115,Customer_115,customer_115@example.com,Canada,Individual,2024-06-10
116,Customer_116,customer_116@example.com,Spain,Individual,2024-06-05
117,Customer_117,customer_117@example.com,Colombia,Enterprise,2024-01-18
118,Customer_118,customer_118@example.com,Mexico,SMB,2025-01-12
119,Customer_119,customer_119@example.com,Spain,Individual,2024-02-25
120,Customer_120,customer_120@example.com,USA,Startup,2024-01-25
121,Customer_121,customer_121@example.com,Colombia,SMB,2025-01-30
122,Customer_122,customer_122@example.com,Spain,SMB,2025-07-14
123,Customer_123,customer_123@example.com,USA,SMB,2024-12-22
124,Customer_124,customer_124@example.com,Mexico,SMB,2024-10-25
125,Customer_125,customer_125@example.com,Mexico,Startup,2024-07-10
126,Customer_126,customer_126@example.com,USA,SMB,2024-05-24
127,Customer_127,customer_127@example.com,Colombia,SMB,2024-01-17
128,Customer_128,customer_128@example.com,Spain,Startup,2024-04-04
129,Customer_129,customer_129@example.com,Mexico,Enterprise,2024-03-24
130,Customer_130,customer_130@example.com,USA,SMB,2024-02-24
131,Customer_131,customer_131@example.com,USA,Startup,2024-08-19
132,Customer_132,customer_132@example.com,Mexico,Individual,2024-05-03
133,Customer_133,customer_133@example.com,Mexico,Startup,2024-01-16
134,Customer_134,customer_134@example.com,USA,Startup,2024-02-14
135,Customer_135,customer_135@example.com,Germany,Enterprise,2024-07-25
136,Customer_136,customer_136@example.com,USA,SMB,2024-01-15
137,Customer_137,customer_137@example.com,USA,Startup,2024-12-08
138,Customer_138,customer_138@example.com,Brazil,SMB,2024-05-03
139,Customer_139,,USA,SMB,2024-04-27
140,Customer_140,customer_140@example.com,Germany,SMB,2024-06-10
141,Customer_141,customer_141@example.com,Germany,Enterprise,2024-11-09
142,Customer_142,customer_142@example.com,Mexico,SMB,2024-03-17
143,Customer_143,customer_143@example.com,USA,SMB,2024-07-22
144,Customer_144,customer_144@example.com,USA,SMB,2024-05-30
145,Customer_145,customer_145@example.com,Mexico,Enterprise,2024-02-25
146,Customer_146,customer_146@example.com,Mexico,Individual,2025-01-14
147,Customer_147,customer_147@example.com,Canada,Startup,2024-10-14
148,Customer_148,customer_148@example.com,USA,Startup,2024-07-12
149,Customer_149,customer_149@example.com,Mexico,Startup,2024-12-08
150,Customer_150,customer_150@example.com,Mexico,SMB,2024-12-29
151,Customer_151,customer_151@example.com,Spain,Enterprise,2024-08-09
152,Customer_152,customer_152@example.com,Mexico,Startup,2024-11-22
153,Customer_153,customer_153@example.com,Mexico,Startup,2024-08-03
154,Customer_154,customer_154@example.com,USA,Startup,2024-07-24
155,Customer_155,customer_155@example.com,Germany,SMB,2024-06-22
156,Customer_156,customer_156@example.com,Mexico,Enterprise,2024-09-08
157,Customer_157,customer_157@example.com,Brazil,SMB,2024-02-01
158,Customer_158,customer_158@example.com,Colombia,SMB,2025-01-17
159,Customer_159,customer_159@example.com,Mexico,Startup,2025-01-04
160,Customer_160,customer_160@example.com,Brazil,Startup,2024-01-06
161,Customer_161,customer_161@example.com,USA,SMB,2024-11-10
162,Customer_162,customer_162@example.com,Canada,Individual,2024-01-25
163,Customer_163,customer_163@example.com,Canada,Startup,2024-03-14
164,Customer_164,customer_164@example.com,USA,SMB,2024-09-01
165,Customer_165,customer_165@example.com,Mexico,Enterprise,2024-02-01
166,Customer_166,customer_166@example.com,Colombia,SMB,2024-11-02
167,Customer_167,customer_167@example.com,USA,SMB,2024-11-17
168,Customer_168,customer_168@example.com,Mexico,SMB,2024-05-07
169,Customer_169,customer_169@example.com,Mexico,SMB,2024-01-02
170,Customer_170,customer_170@example.com,Canada,SMB,2024-03-01
171,Customer_171,customer_171@example.com,Brazil,SMB,2024-06-21
172,Customer_172,customer_172@example.com,Mexico,Individual,2025-12-16
173,Customer_173,customer_173@example.com,USA,Enterprise,2024-06-28
174,Customer_174,customer_174@example.com,Mexico,Startup,2024-02-24
175,Customer_175,customer_175@example.com,Canada,SMB,2024-06-29
176,Customer_176,customer_176@example.com,Mexico,Individual,2024-05-19
177,Customer_177,customer_177@example.com,Brazil,Enterprise,2024-09-29
178,Customer_178,customer_178@example.com,USA,SMB,2024-01-21
179,Customer_179,customer_179@example.com,Germany,Individual,2024-09-14
180,Customer_180,customer_180@example.com,Mexico,Individual,2024-05-20
181,Customer_181,customer_181@example.com,USA,Individual,2025-08-16
182,Customer_182,customer_182@example.com,Mexico,SMB,2024-03-16
183,Customer_183,customer_183@example.com,Spain,SMB,2024-06-29
184,Customer_184,customer_184@example.com,Spain,Startup,2025-04-28
185,Customer_185,customer_185@example.com,Mexico,Individual,2024-01-20
186,Customer_186,customer_186@example.com,Brazil,Startup,2025-05-13
187,Customer_187,customer_187@example.com,Colombia,Startup,2024-07-28
188,Customer_188,customer_188@example.com,Canada,SMB,2024-01-13
189,Customer_189,customer_189@example.com,USA,Startup,2024-03-05
190,Customer_190,customer_190@example.com,Mexico,SMB,2024-08-09
191,Customer_191,,Mexico,SMB,2024-01-13
192,Customer_192,customer_192@example.com,Spain,SMB,2024-06-06
193,Customer_193,customer_193@example.com,Spain,Startup,2024-03-17
194,Customer_194,customer_194@example.com,Canada,SMB,2024-06-23
195,Customer_195,customer_195@example.com,USA,Enterprise,2024-01-09
196,Customer_196,customer_196@example.com,USA,Startup,2025-01-04
197,Customer_197,customer_197@example.com,Brazil,SMB,2025-10-15
198,Customer_198,customer_198@example.com,Spain,Startup,2025-09-16
199,Customer_199,customer_199@example.com,Spain,SMB,2024-09-06
200,Customer_200,customer_200@example.com,Colombia,SMB,2024-01-26
201,Customer_201,customer_201@example.com,Canada,Startup,2024-09-12
202,Customer_202,customer_202@example.com,Mexico,Enterprise,2024-01-05
203,Customer_203,customer_203@example.com,Mexico,SMB,2024-01-05
204,Customer_204,customer_204@example.com,Spain,Enterprise,2024-03-11
205,Customer_205,customer_205@example.com,Canada,Enterprise,2024-04-30
206,Customer_206,customer_206@example.com,Mexico,Individual,2024-09-21
207,Customer_207,customer_207@example.com,Mexico,SMB,2024-07-25
208,Customer_208,customer_208@example.com,Brazil,Individual,2024-04-16
209,Customer_209,customer_209@example.com,Mexico,SMB,2024-02-27
210,Customer_210,customer_210@example.com,Mexico,Startup,2026-11-19
211,Customer_211,customer_211@example.com,USA,Startup,2024-04-09
212,Customer_212,customer_212@example.com,Brazil,Startup,2024-04-18
213,Customer_213,customer_213@example.com,Brazil,SMB,2024-02-02
214,Customer_214,customer_214@example.com,Mexico,SMB,2024-10-12
215,Customer_215,customer_215@example.com,Brazil,SMB,2024-07-31
216,Customer_216,customer_216@example.com,Mexico,Individual,2024-02-14
217,Customer_217,customer_217@example.com,USA,Individual,2024-01-16
218,Customer_218,customer_218@example.com,Brazil,Individual,2024-07-24
219,Customer_219,customer_219@example.com,Canada,Enterprise,2024-07-10
220,Customer_220,customer_220@example.com,Colombia,Startup,2024-02-27
221,Customer_221,customer_221@example.com,Brazil,Individual,2025-06-26
222,Customer_222,customer_222@example.com,Canada,SMB,2024-01-30
223,Customer_223,customer_223@example.com,Mexico,Enterprise,2024-04-11
224,Customer_224,customer_224@example.com,USA,Startup,2025-06-01
225,Customer_225,customer_225@example.com,Mexico,Startup,2024-04-07
226,Customer_226,customer_226@example.com,Mexico,Individual,2024-07-02
227,Customer_227,customer_227@example.com,Germany,Enterprise,2024-04-01
228,Customer_228,customer_228@example.com,USA,Startup,2024-02-27
229,Customer_229,customer_229@example.com,Spain,SMB,2026-01-14
230,Customer_230,customer_230@example.com,Canada,SMB,2024-04-04
231,Customer_231,customer_231@example.com,Colombia,SMB,2025-02-08
232,Customer_232,customer_232@example.com,USA,Individual,2024-02-17
233,Customer_233,customer_233@example.com,Canada,Startup,2024-02-13
234,Customer_234,customer_234@example.com,USA,Startup,2024-01-06
235,Customer_235,customer_235@example.com,Mexico,SMB,2024-07-08
236,Customer_236,customer_236@example.com,Brazil,Individual,2024-03-23
237,Customer_237,customer_237@example.com,Mexico,SMB,2024-12-25
238,Customer_238,customer_238@example.com,Mexico,Individual,2024-04-25
239,Customer_239,customer_239@example.com,Canada,SMB,2025-09-12
240,Customer_240,customer_240@example.com,Mexico,SMB,2024-02-06
241,Customer_241,customer_241@example.com,Germany,SMB,2024-12-31
242,Customer_242,customer_242@example.com,Germany,SMB,2024-09-26
243,Customer_243,customer_243@example.com,Spain,Startup,2024-09-22
244,Customer_244,customer_244@example.com,USA,Startup,2024-12-01
245,Customer_245,customer_245@example.com,Mexico,SMB,2024-09-14
246,Customer_246,customer_246@example.com,Spain,Individual,2024-06-26
247,Customer_247,customer_247@example.com,USA,SMB,2024-01-26
248,Customer_248,customer_248@example.com,Germany,Startup,2024-01-06
249,Customer_249,customer_249@example.com,Germany,Individual,2025-04-01
250,Customer_250,customer_250@example.com,Spain,Startup,2024-06-21
251,Customer_251,,Mexico,Enterprise,2024-10-13
252,Customer_252,customer_252@example.com,USA,Individual,2024-04-28
253,Customer_253,customer_253@example.com,Spain,Startup,2024-01-23
254,Customer_254,customer_254@example.com,USA,SMB,2024-01-25
255,Customer_255,customer_255@example.com,Mexico,Enterprise,2024-07-27
256,Customer_256,customer_256@example.com,Canada,Startup,2024-04-11
257,Customer_257,customer_257@example.com,Germany,Startup,2024-02-10
258,Customer_258,customer_258@example.com,Brazil,Startup,2024-05-01
259,Customer_259,customer_259@example.com,Canada,Individual,2024-01-12
260,Customer_260,customer_260@example.com,Mexico,Startup,2024-06-05
261,Customer_261,customer_261@example.com,Canada,SMB,2024-02-26
262,Customer_262,customer_262@example.com,Germany,SMB,2024-10-14
263,Customer_263,customer_263@example.com,Mexico,SMB,2024-03-07
264,Customer_264,customer_264@example.com,USA,Startup,2024-04-19
265,Customer_265,customer_265@example.com,Spain,Enterprise,2024-01-03
266,Customer_266,customer_266@example.com,Brazil,Startup,2024-01-14
267,Customer_267,customer_267@example.com,Brazil,Startup,2024-03-30
268,Customer_268,customer_268@example.com,Brazil,Individual,2024-04-27
269,Customer_269,customer_269@example.com,USA,SMB,2024-06-13
270,Customer_270,customer_270@example.com,Mexico,Individual,2024-03-03
271,Customer_271,customer_271@example.com,Colombia,Enterprise,2024-08-01
272,Customer_272,customer_272@example.com,Colombia,Individual,2024-12-20
273,Customer_273,customer_273@example.com,Spain,Enterprise,2024-09-29
274,Customer_274,customer_274@example.com,Spain,SMB,2024-01-08
275,Customer_275,customer_275@example.com,USA,Startup,2024-04-27
276,Customer_276,customer_276@example.com,USA,Enterprise,2024-01-20
277,Customer_277,customer_277@example.com,Colombia,SMB,2024-02-19
278,Customer_278,customer_278@example.com,Canada,Startup,2026-02-16
279,Customer_279,customer_279@example.com,Brazil,Startup,2024-01-28
280,Customer_280,customer_280@example.com,Colombia,Startup,2024-05-04
281,Customer_281,customer_281@example.com,Spain,Startup,2024-06-22
282,Customer_282,customer_282@example.com,USA,Startup,2024-08-06
283,Customer_283,customer_283@example.com,USA,SMB,2024-05-27
284,Customer_284,customer_284@example.com,Mexico,SMB,2024-01-02
285,Customer_285,customer_285@example.com,Canada,SMB,2024-03-12
286,Customer_286,customer_286@example.com,Mexico,Individual,2024-05-11
287,Customer_287,customer_287@example.com,USA,Startup,2024-01-17
288,Customer_288,customer_288@example.com,USA,SMB,2024-03-18
289,Customer_289,customer_289@example.com,Mexico,SMB,2024-01-07
290,Customer_290,customer_290@example.com,Canada,Individual,2024-01-15
291,Customer_291,customer_291@example.com,Mexico,SMB,2024-04-01
292,Customer_292,customer_292@example.com,Mexico,Startup,2024-01-26
293,Customer_293,customer_293@example.com,Colombia,Startup,2024-05-30
294,Customer_294,customer_294@example.com,USA,Startup,2024-07-29
295,Customer_295,,Mexico,Enterprise,2024-10-17
296,Customer_296,customer_296@example.com,USA,Individual,2024-02-10
297,Customer_297,customer_297@example.com,Colombia,Individual,2024-02-02
298,Customer_298,customer_298@example.com,Mexico,Startup,2024-01-20
299,Customer_299,customer_299@example.com,Canada,Startup,2024-07-01
300,Customer_300,customer_300@example.com,Mexico,Individual,2024-08-08
301,Customer_301,customer_301@example.com,Mexico,Startup,2024-01-06
302,Customer_302,customer_302@example.com,USA,SMB,2025-05-10
303,Customer_303,customer_303@example.com,USA,Startup,2024-01-10
304,Customer_304,customer_304@example.com,Canada,Startup,2024-05-20
305,Customer_305,customer_305@example.com,Brazil,SMB,2024-08-10
306,Customer_306,customer_306@example.com,Germany,Startup,2025-01-03
307,Customer_307,customer_307@example.com,USA,Individual,2024-08-13
308,Customer_308,customer_308@example.com,USA,Individual,2024-10-18
309,Customer_309,customer_309@example.com,Colombia,SMB,2024-03-15
310,Customer_310,customer_310@example.com,Mexico,Enterprise,2024-10-30
311,Customer_311,customer_311@example.com,USA,Individual,2024-01-16
312,Customer_312,customer_312@example.com,Mexico,Individual,2025-02-09
313,Customer_313,customer_313@example.com,Mexico,Enterprise,2024-05-22
314,Customer_314,customer_314@example.com,Germany,Individual,2024-11-01
315,Customer_315,customer_315@example.com,Colombia,,2024-04-18
316,Customer_316,customer_316@example.com,Brazil,Startup,2024-07-04
317,Customer_317,customer_317@example.com,USA,Startup,2024-05-14
318,Customer_318,,Mexico,SMB,2024-08-24
319,Customer_319,customer_319@example.com,Mexico,Enterprise,2024-01-16
320,Customer_320,customer_320@example.com,Mexico,SMB,2024-01-12
321,Customer_321,customer_321@example.com,USA,Individual,2024-02-21
322,Customer_322,customer_322@example.com,Brazil,Enterprise,2024-02-01
323,Customer_323,customer_323@example.com,Brazil,SMB,2025-01-04
324,Customer_324,customer_324@example.com,Mexico,SMB,2024-02-14
325,Customer_325,customer_325@example.com,Germany,Startup,2025-11-01
326,Customer_326,customer_326@example.com,Brazil,Individual,2024-03-14
327,Customer_327,customer_327@example.com,Canada,SMB,2024-02-06
328,Customer_328,customer_328@example.com,Canada,SMB,2024-10-07
329,Customer_329,customer_329@example.com,USA,Startup,2024-07-12
330,Customer_330,customer_330@example.com,Mexico,SMB,2024-05-04
331,Customer_331,customer_331@example.com,USA,SMB,2024-05-25
332,Customer_332,customer_332@example.com,Colombia,SMB,2024-08-16
333,Customer_333,customer_333@example.com,Mexico,Enterprise,2024-02-16
334,Customer_334,customer_334@example.com,Mexico,SMB,2026-10-06
335,Customer_335,customer_335@example.com,Mexico,SMB,2025-10-24
336,Customer_336,customer_336@example.com,Mexico,SMB,2024-07-08
337,Customer_337,customer_337@example.com,Spain,Individual,2024-02-10
338,Customer_338,customer_338@example.com,Brazil,SMB,2024-07-24
339,Customer_339,customer_339@example.com,USA,Startup,2024-01-14
340,Customer_340,customer_340@example.com,Mexico,Startup,2024-01-06
341,Customer_341,customer_341@example.com,USA,Enterprise,2024-02-23
342,Customer_342,customer_342@example.com,USA,Startup,2024-04-21
343,Customer_343,customer_343@example.com,Mexico,SMB,2024-12-30
344,Customer_344,customer_344@example.com,USA,Individual,2024-08-21
345,Customer_345,customer_345@example.com,USA,Enterprise,2024-09-01
346,Customer_346,,Canada,SMB,2024-04-09
347,Customer_347,customer_347@example.com,Canada,Enterprise,2024-03-17
348,Customer_348,customer_348@example.com,Mexico,Individual,2024-03-24
349,Customer_349,customer_349@example.com,USA,Startup,2026-03-01
350,Customer_350,customer_350@example.com,Canada,Startup,2024-01-08
351,Customer_351,customer_351@example.com,USA,Enterprise,2024-12-29
352,Customer_352,customer_352@example.com,Spain,Startup,2024-06-04
353,Customer_353,customer_353@example.com,Brazil,SMB,2024-04-13
354,Customer_354,customer_354@example.com,Mexico,Individual,2024-08-20
355,Customer_355,,Mexico,SMB,2024-04-30
356,Customer_356,customer_356@example.com,Canada,SMB,2025-01-07
357,Customer_357,customer_357@example.com,Mexico,Enterprise,2025-02-19
358,Customer_358,customer_358@example.com,Canada,SMB,2024-04-08
359,Customer_359,customer_359@example.com,Germany,Startup,2024-02-28
360,Customer_360,customer_360@example.com,Canada,Enterprise,2024-06-10
361,Customer_361,customer_361@example.com,USA,Startup,2025-03-14
362,Customer_362,customer_362@example.com,Canada,SMB,2024-02-12
363,Customer_363,customer_363@example.com,USA,,2024-06-24
364,Customer_364,customer_364@example.com,USA,SMB,2024-06-28
365,Customer_365,customer_365@example.com,Germany,SMB,2024-08-25
366,Customer_366,customer_366@example.com,USA,Startup,2024-01-26
367,Customer_367,customer_367@example.com,Germany,SMB,2024-08-14
368,Customer_368,customer_368@example.com,Spain,SMB,2025-03-07
369,Customer_369,customer_369@example.com,Mexico,Individual,2024-02-05
370,Customer_370,customer_370@example.com,Mexico,Individual,2024-02-18
371,Customer_371,customer_371@example.com,Mexico,SMB,2025-10-01
372,Customer_372,customer_372@example.com,Mexico,SMB,2024-02-05
373,Customer_373,customer_373@example.com,Mexico,Startup,2024-12-12
374,Customer_374,customer_374@example.com,Brazil,SMB,2024-05-02
375,Customer_375,customer_375@example.com,Mexico,Enterprise,2024-02-21
376,Customer_376,customer_376@example.com,USA,SMB,2025-01-03
377,Customer_377,customer_377@example.com,Colombia,Startup,2024-04-16
378,Customer_378,customer_378@example.com,Mexico,Startup,2024-05-10
379,Customer_379,customer_379@example.com,Colombia,Enterprise,2024-03-21
380,Customer_380,customer_380@example.com,Mexico,SMB,2024-06-10
381,Customer_381,customer_381@example.com,Mexico,SMB,2024-02-02
382,Customer_382,customer_382@example.com,Brazil,Startup,2024-03-30
383,Customer_383,customer_383@example.com,Canada,Enterprise,2025-09-19
384,Customer_384,customer_384@example.com,Spain,Enterprise,2024-02-23
385,Customer_385,customer_385@example.com,Brazil,Startup,2024-07-11
386,Customer_386,customer_386@example.com,Colombia,SMB,2024-03-11
387,Customer_387,customer_387@example.com,Mexico,Startup,2024-09-24
388,Customer_388,customer_388@example.com,Mexico,SMB,2024-01-26
389,Customer_389,customer_389@example.com,Colombia,Enterprise,2025-09-22
390,Customer_390,customer_390@example.com,Colombia,SMB,2024-04-18
391,Customer_391,customer_391@example.com,Germany,Startup,2024-02-18
392,Customer_392,customer_392@example.com,USA,Individual,2024-01-14
393,Customer_393,customer_393@example.com,USA,Individual,2024-02-03
394,Customer_394,customer_394@example.com,Colombia,SMB,2024-05-12
395,Customer_395,customer_395@example.com,USA,Startup,2024-03-14
396,Customer_396,customer_396@example.com,Germany,SMB,2024-11-13
397,Customer_397,customer_397@example.com,Spain,SMB,2024-04-11
398,Customer_398,customer_398@example.com,USA,Individual,2024-02-21
399,Customer_399,customer_399@example.com,Colombia,Enterprise,2024-06-21
400,Customer_400,customer_400@example.com,Colombia,Enterprise,2024-08-08
401,Customer_401,customer_401@example.com,Mexico,SMB,2024-02-02
402,Customer_402,customer_402@example.com,Spain,Enterprise,2024-02-03
403,Customer_403,customer_403@example.com,USA,SMB,2024-01-07
404,Customer_404,customer_404@example.com,Colombia,Startup,2024-08-27
405,Customer_405,,USA,SMB,2024-07-15
406,Customer_406,customer_406@example.com,Spain,Individual,2024-04-25
407,Customer_407,customer_407@example.com,USA,Individual,2024-11-30
408,Customer_408,customer_408@example.com,Mexico,SMB,2024-10-21
409,Customer_409,customer_409@example.com,Spain,SMB,2024-06-07
410,Customer_410,customer_410@example.com,Mexico,SMB,2024-12-30
411,Customer_411,customer_411@example.com,USA,Startup,2024-02-11
412,Customer_412,customer_412@example.com,Germany,SMB,2024-01-22
413,Customer_413,customer_413@example.com,Germany,Startup,2024-02-26
414,Customer_414,customer_414@example.com,Canada,SMB,2024-01-11
415,Customer_415,customer_415@example.com,Canada,Startup,2024-05-16
416,Customer_416,customer_416@example.com,USA,SMB,2025-05-11
417,Customer_417,customer_417@example.com,Mexico,SMB,2024-01-08
418,Customer_418,customer_418@example.com,USA,Individual,2024-01-24
419,Customer_419,customer_419@example.com,Brazil,,2024-04-18
420,Customer_420,customer_420@example.com,Colombia,,2025-05-03
421,Customer_421,customer_421@example.com,Colombia,Individual,2024-03-09
422,Customer_422,customer_422@example.com,Colombia,SMB,2024-05-07
423,Customer_423,customer_423@example.com,Mexico,Individual,2024-01-08
424,Customer_424,customer_424@example.com,USA,Startup,2024-01-29
425,Customer_425,customer_425@example.com,Mexico,SMB,2026-02-15
426,Customer_426,,USA,Enterprise,2025-08-27
427,Customer_427,customer_427@example.com,USA,SMB,2024-01-01
428,Customer_428,customer_428@example.com,Spain,Startup,2025-06-29
429,Customer_429,customer_429@example.com,USA,Startup,2024-07-02
430,Customer_430,customer_430@example.com,Mexico,SMB,2024-12-30
431,Customer_431,customer_431@example.com,Mexico,Enterprise,2024-04-19
432,Customer_432,customer_432@example.com,Colombia,Individual,2024-05-10
433,Customer_433,customer_433@example.com,Canada,Individual,2024-04-30
434,Customer_434,customer_434@example.com,Mexico,Startup,2024-07-16
435,Customer_435,customer_435@example.com,Mexico,SMB,2024-01-28
436,Customer_436,customer_436@example.com,Brazil,SMB,2024-01-06
437,Customer_437,customer_437@example.com,Mexico,Enterprise,2024-03-07
438,Customer_438,customer_438@example.com,Colombia,Individual,2024-08-07
439,Customer_439,customer_439@example.com,Brazil,Enterprise,2024-02-10
440,Customer_440,customer_440@example.com,Mexico,Startup,2024-07-20
441,Customer_441,customer_441@example.com,Mexico,SMB,2025-09-22
442,Customer_442,customer_442@example.com,Germany,Startup,2024-01-18
443,Customer_443,customer_443@example.com,USA,Startup,2024-07-19
444,Customer_444,customer_444@example.com,USA,Individual,2024-04-15
445,Customer_445,customer_445@example.com,Colombia,SMB,2024-12-30
446,Customer_446,customer_446@example.com,Germany,Enterprise,2024-02-05
447,Customer_447,customer_447@example.com,Germany,Enterprise,2024-07-31
448,Customer_448,customer_448@example.com,Colombia,Individual,2024-11-23
449,Customer_449,customer_449@example.com,USA,Individual,2025-06-04
450,Customer_450,customer_450@example.com,Mexico,Startup,2024-07-25
451,Customer_451,customer_451@example.com,Colombia,Startup,2024-05-03
452,Customer_452,customer_452@example.com,Canada,Startup,2024-06-22
453,Customer_453,customer_453@example.com,USA,SMB,2024-12-31
454,Customer_454,customer_454@example.com,Spain,,2024-06-01
455,Customer_455,customer_455@example.com,Mexico,SMB,2024-01-06
456,Customer_456,customer_456@example.com,USA,SMB,2025-04-26
457,Customer_457,customer_457@example.com,Mexico,Startup,2024-07-29
458,Customer_458,customer_458@example.com,USA,Enterprise,2024-07-22
459,Customer_459,customer_459@example.com,Mexico,SMB,2024-02-13
460,Customer_460,customer_460@example.com,Mexico,Startup,2024-07-12
461,Customer_461,customer_461@example.com,Mexico,Enterprise,2024-03-31
462,Customer_462,customer_462@example.com,Canada,Startup,2024-07-08
463,Customer_463,customer_463@example.com,Brazil,SMB,2024-01-21
464,Customer_464,customer_464@example.com,Canada,SMB,2024-07-12
465,Customer_465,customer_465@example.com,Germany,SMB,2027-09-01
466,Customer_466,customer_466@example.com,USA,SMB,2024-01-09
467,Customer_467,customer_467@example.com,Mexico,Startup,2025-11-11
468,Customer_468,customer_468@example.com,Spain,SMB,2024-04-04
469,Customer_469,customer_469@example.com,Mexico,Startup,2025-01-03
470,Customer_470,customer_470@example.com,Germany,SMB,2024-10-01
471,Customer_471,customer_471@example.com,Mexico,Startup,2024-05-30
472,Customer_472,customer_472@example.com,Germany,Individual,2024-08-29
473,Customer_473,,Mexico,Startup,2025-01-14
474,Customer_474,customer_474@example.com,Spain,SMB,2024-04-03
475,Customer_475,customer_475@example.com,USA,Enterprise,2024-03-12
476,Customer_476,customer_476@example.com,Germany,SMB,2024-07-17
477,Customer_477,customer_477@example.com,Mexico,Startup,2024-10-23
478,Customer_478,customer_478@example.com,Canada,Enterprise,2024-09-15
479,Customer_479,customer_479@example.com,Germany,SMB,2024-10-14
480,Customer_480,customer_480@example.com,USA,Startup,2024-04-12
481,Customer_481,customer_481@example.com,Canada,SMB,2024-11-02
482,Customer_482,customer_482@example.com,Brazil,Startup,2024-01-24
483,Customer_483,customer_483@example.com,USA,Enterprise,2024-05-21
484,Customer_484,customer_484@example.com,Canada,Enterprise,2024-01-02
485,Customer_485,customer_485@example.com,Canada,Startup,2024-03-11
486,Customer_486,customer_486@example.com,Spain,SMB,2024-03-23
487,Customer_487,customer_487@example.com,Mexico,Startup,2024-03-31
488,Customer_488,customer_488@example.com,Mexico,SMB,2024-08-02
489,Customer_489,customer_489@example.com,Germany,SMB,2024-03-29
490,Customer_490,customer_490@example.com,Spain,Individual,2024-04-17
491,Customer_491,customer_491@example.com,USA,Startup,2024-02-18
492,Customer_492,customer_492@example.com,Canada,Startup,2024-03-25
493,Customer_493,customer_493@example.com,Mexico,SMB,2024-02-16
494,Customer_494,customer_494@example.com,Mexico,Startup,2024-01-14
495,Customer_495,customer_495@example.com,USA,SMB,2024-06-15
496,Customer_496,customer_496@example.com,USA,Enterprise,2024-07-17
497,Customer_497,customer_497@example.com,Canada,Individual,2024-06-22
498,Customer_498,customer_498@example.com,Mexico,Enterprise,2024-04-22
499,Customer_499,customer_499@example.com,Germany,Individual,2024-03-26
500,Customer_500,customer_500@example.com,Germany,SMB,2024-12-24
